	area	direction	floor	floorplan	high/low	name	price	url
255	80	南 北	（6层）	3室1厅1卫	地下室	大兴-观音寺-辛店小区	3000	bj.lianjia.com/zufang/BJ2210736912468287488.html
257	48	南	（12层）	1房间1卫	高楼层	朝阳-管庄-朗廷	4400	bj.lianjia.com/zufang/BJ2298470533442322432.html
189	49	东 西	（5层）	2室1厅1卫	高楼层	东城-广渠门-光明西里	5200	bj.lianjia.com/zufang/BJ2297939161698533376.html
183	50	东	（5层）	2室0厅1卫	中楼层	东城-广渠门-光明西里	5200	bj.lianjia.com/zufang/BJ2276030942642708480.html
190	49	南	（6层）	2室1厅1卫	高楼层	朝阳-广渠门-广和里	5300	bj.lianjia.com/zufang/BJ2288409673114075136.html
125	56	南 北	（6层）	2室1厅1卫	高楼层	朝阳-劲松-广和东里	5500	bj.lianjia.com/zufang/BJ2329673037425164288.html
143	60	南 北	（6层）	2室1厅1卫	中楼层	朝阳-劲松-广和里七巷	5500	bj.lianjia.com/zufang/BJ2318583972789501952.html
121	73	东	（12层）	2室1厅1卫	高楼层	朝阳-劲松-农光里	5500	bj.lianjia.com/zufang/BJ2335338243673309184.html
181	55	南 北	（6层）	2室1厅1卫	高楼层	东城-广渠门-安化北里	5600	bj.lianjia.com/zufang/BJ2312232914429157376.html
178	58	南 北	（6层）	2室1厅1卫	高楼层	东城-广渠门-幸福北里	5600	bj.lianjia.com/zufang/BJ2285464326494232576.html
128	63	西	（18层）	2室1厅1卫	高楼层	朝阳-劲松-劲松南路	5700	bj.lianjia.com/zufang/BJ2311429865427451904.html
180	51	东南	（6层）	2室1厅1卫	中楼层	东城-广渠门-夕照寺西里	5800	bj.lianjia.com/zufang/BJ2229785454587691008.html
185	52	东 西	（4层）	2室0厅1卫	高楼层	东城-广渠门-幸福北里	5800	bj.lianjia.com/zufang/BJ2326777983798616064.html
131	54	南 北	（6层）	2室1厅1卫	中楼层	朝阳-劲松-农光里	5800	bj.lianjia.com/zufang/BJ2325808436874584064.html
123	63	东北	（16层）	2室1厅1卫	中楼层	朝阳-劲松-劲松八区	5800	bj.lianjia.com/zufang/BJ2325887639435354112.html
146	48	南	（5层）	2室1厅1卫	中楼层	朝阳-劲松-武圣西里	6000	bj.lianjia.com/zufang/BJ2323159189293375488.html
187	52	南 北	（5层）	2室1厅1卫	高楼层	东城-广渠门-板厂南里	6000	bj.lianjia.com/zufang/BJ2271098693283487744.html
139	57	南 北	（4层）	2室1厅1卫	高楼层	朝阳-劲松-农光南路	6000	bj.lianjia.com/zufang/BJ2318091903846842368.html
124	59	南	（6层）	2室1厅1卫	高楼层	朝阳-劲松-劲松八区	6000	bj.lianjia.com/zufang/BJ2324560357773295616.html
127	60	南 北	（6层）	2室1厅1卫	中楼层	朝阳-劲松-劲松三区	6000	bj.lianjia.com/zufang/BJ2329015504045883392.html
186	62	东 西	（6层）	2室1厅1卫	高楼层	东城-广渠门-南水关	6000	bj.lianjia.com/zufang/BJ2329556826581893120.html
120	64	东南	（18层）	2室1厅1卫	中楼层	朝阳-劲松-农光南路	6000	bj.lianjia.com/zufang/BJ2333820485571723264.html
100	70	西南	（18层）	2室1厅1卫	低楼层	朝阳-潘家园-华威西里	6000	bj.lianjia.com/zufang/BJ2302734214811877376.html
134	87	东 南 北	（6层）	2室1厅1卫	低楼层	朝阳-劲松-广和里七巷	6000	bj.lianjia.com/zufang/BJ2309453713209049088.html
262	58	南	（6层）	2室0厅1卫	高楼层	东城-崇文门-南岗子	6100	bj.lianjia.com/zufang/BJ2334511629754179584.html
130	65	南 北	（5层）	2室1厅1卫	中楼层	朝阳-劲松-农光里	6150	bj.lianjia.com/zufang/BJ2314543283940106240.html
122	47	南	（16层）	2室1厅1卫	中楼层	朝阳-劲松-劲松九区	6200	bj.lianjia.com/zufang/BJ2335456497225433088.html
135	64	西	（18层）	2室1厅1卫	中楼层	朝阳-劲松-劲松南路	6200	bj.lianjia.com/zufang/BJ2329436721470775296.html
91	66	东南	（18层）	2室1厅1卫	中楼层	朝阳-潘家园-潘家园东里	6200	bj.lianjia.com/zufang/BJ2299935580861513728.html
99	74	东南	（16层）	2室1厅1卫	中楼层	朝阳-潘家园-弘善家园	6200	bj.lianjia.com/zufang/BJ2299097001675472896.html
94	75	东南	（19层）	2室1厅1卫	中楼层	朝阳-潘家园-松榆里	6200	bj.lianjia.com/zufang/BJ2317893280719192064.html
132	51	南	（12层）	2室0厅1卫	中楼层	朝阳-劲松-劲松四区	6300	bj.lianjia.com/zufang/BJ2310833442671034368.html
182	51	西	（29层）	2室1厅1卫	高楼层	东城-广渠门-广渠家园	6300	bj.lianjia.com/zufang/BJ2313809007187599360.html
126	58	南 北	（6层）	2室2厅1卫	低楼层	朝阳-劲松-广渠门外大街6号院	6300	bj.lianjia.com/zufang/BJ2298431711383388160.html
261	58	南	（6层）	2室1厅1卫	中楼层	东城-崇文门-南岗子	6300	bj.lianjia.com/zufang/BJ2333984485567643648.html
129	59	东	（6层）	2室1厅1卫	高楼层	朝阳-劲松-劲松八区	6300	bj.lianjia.com/zufang/BJ2325859021396901888.html
98	60	东南	（28层）	2室1厅1卫	低楼层	朝阳-潘家园-弘善家园	6300	bj.lianjia.com/zufang/BJ2327422741210472448.html
102	60	南 北	（6层）	2室1厅1卫	中楼层	朝阳-潘家园-松榆西里	6300	bj.lianjia.com/zufang/BJ2310882364235972608.html
259	68	南	（15层）	1室1厅1卫	高楼层	朝阳-常营-柏林爱乐四期	6300	bj.lianjia.com/zufang/BJ2324478189034020864.html
92	80	东南	（27层）	2室1厅1卫	高楼层	朝阳-潘家园-弘善家园	6350	bj.lianjia.com/zufang/BJ2324463934045683712.html
103	60	南 北	（6层）	2室1厅1卫	低楼层	朝阳-潘家园-潘家园小区	6400	bj.lianjia.com/zufang/BJ2300673423786901504.html
184	61	南	（22层）	2室1厅1卫	低楼层	东城-广渠门-东环居苑	6400	bj.lianjia.com/zufang/BJ2295470199001841664.html
93	64	东 南	（22层）	2室1厅1卫	高楼层	朝阳-潘家园-华威西里	6400	bj.lianjia.com/zufang/BJ2313480235007885312.html
1	50	南 北	（5层）	2室1厅1卫	中楼层	朝阳-建国门外-灵通观	6500	bj.lianjia.com/zufang/BJ2304118863774105600.html
31	50	南 北	（5层）	2室1厅1卫	中楼层	朝阳-建国门外-灵通观	6500	bj.lianjia.com/zufang/BJ2304118863774105600.html
374	50	南 北	（5层）	2室1厅1卫	中楼层	朝阳-建国门外-灵通观	6500	bj.lianjia.com/zufang/BJ2304118863774105600.html
0	51	东	（5层）	2室1厅1卫	地下室	朝阳-朝阳门外-东大桥路	6500	bj.lianjia.com/zufang/BJ2334531638908174336.html
30	51	东	（5层）	2室1厅1卫	地下室	朝阳-朝阳门外-东大桥路	6500	bj.lianjia.com/zufang/BJ2334531638908174336.html
140	55	南 北	（6层）	2室1厅1卫	高楼层	朝阳-劲松-劲松五区	6500	bj.lianjia.com/zufang/BJ2318591728552525824.html
141	55	南	（6层）	2室1厅1卫	高楼层	朝阳-劲松-垂杨柳南里	6500	bj.lianjia.com/zufang/BJ2331901691869265920.html
97	57	南	（20层）	2室1厅1卫	低楼层	朝阳-潘家园-松榆西里	6500	bj.lianjia.com/zufang/BJ2330918100343996416.html
188	57	南	（6层）	2室1厅1卫	高楼层	东城-广渠门-安化北里	6500	bj.lianjia.com/zufang/BJ2278860585930334208.html
147	58	南 北	（6层）	2室1厅1卫	低楼层	朝阳-劲松-武圣西里	6500	bj.lianjia.com/zufang/BJ2330204894239670272.html
375	58	南 西	（7层）	2室1厅1卫	高楼层	东城-建国门外-抽屉胡同	6500	bj.lianjia.com/zufang/BJ2301354349546176512.html
136	60	南 北	（12层）	2室1厅1卫	高楼层	朝阳-劲松-劲松二区	6500	bj.lianjia.com/zufang/BJ2331022171209465856.html
137	60	南	（16层）	2室1厅1卫	高楼层	朝阳-劲松-农光南里	6500	bj.lianjia.com/zufang/BJ2330869464151113728.html
179	60	北	（13层）	2室1厅1卫	低楼层	东城-广渠门-远洋德邑	6500	bj.lianjia.com/zufang/BJ2321511625183731712.html
264	60	南 北	（14层）	2室1厅1卫	高楼层	东城-崇文门-崇文门东大街	6500	bj.lianjia.com/zufang/BJ2306487206375587840.html
351	60	东 西	（6层）	2室1厅1卫	中楼层	东城-建国门内-小羊宜宾胡同	6500	bj.lianjia.com/zufang/BJ2331081912241618944.html
90	62	西南	（16层）	2室1厅1卫	高楼层	朝阳-潘家园-华威西里	6500	bj.lianjia.com/zufang/BJ2326628753960075264.html
95	62	东南	（18层）	2室1厅1卫	低楼层	朝阳-潘家园-潘家园东里	6500	bj.lianjia.com/zufang/BJ2315039095610408960.html
138	62	南 北	（6层）	2室1厅1卫	高楼层	朝阳-劲松-劲松八区	6500	bj.lianjia.com/zufang/BJ2306378277054316544.html
96	64	西	（6层）	2室1厅1卫	高楼层	朝阳-潘家园-松榆里	6500	bj.lianjia.com/zufang/BJ2308726590353178624.html
133	65	西南	（18层）	2室1厅1卫	中楼层	朝阳-劲松-农光东里	6500	bj.lianjia.com/zufang/BJ2331852114013462528.html
101	80	东南	（18层）	2室1厅1卫	高楼层	朝阳-潘家园-嘉禾园	6500	bj.lianjia.com/zufang/BJ2306540947045097472.html
105	83	东北	（28层）	2室1厅1卫	中楼层	朝阳-潘家园-弘善家园	6500	bj.lianjia.com/zufang/BJ2334697364256210944.html
258	89	东南 北	（18层）	2室2厅1卫	高楼层	丰台-草桥-南珠苑	6500	bj.lianjia.com/zufang/BJ2309448546036236288.html
119	54	东 南	（6层）	2室1厅1卫	高楼层	朝阳-潘家园-华威西里	6600	bj.lianjia.com/zufang/BJ2141915601789263872.html
194	71	东	（29层）	2室2厅1卫	中楼层	东城-广渠门-广渠家园	6700	bj.lianjia.com/zufang/BJ2328710210606071808.html
151	54	南 北	（5层）	2室1厅1卫	中楼层	朝阳-工体-幸福二村	6800	bj.lianjia.com/zufang/BJ2320776989432356864.html
193	56	南 北	（12层）	2室1厅1卫	中楼层	东城-广渠门-绿景苑	6800	bj.lianjia.com/zufang/BJ2321699715601154048.html
267	58	南 北	（6层）	2室1厅1卫	低楼层	东城-崇文门-南岗子	6800	bj.lianjia.com/zufang/BJ2261684236606521344.html
145	61	南	（6层）	2室1厅1卫	低楼层	朝阳-劲松-武圣东里	6800	bj.lianjia.com/zufang/BJ2334732336782123008.html
148	61	南 北	（6层）	2室1厅1卫	高楼层	朝阳-劲松-广和东里	6800	bj.lianjia.com/zufang/BJ2331644140221104128.html
144	70	南 北	（4层）	2室1厅1卫	中楼层	朝阳-劲松-农光南路	6800	bj.lianjia.com/zufang/BJ2334538016833404928.html
195	71	西	（29层）	2室2厅1卫	低楼层	东城-广渠门-广渠家园	6800	bj.lianjia.com/zufang/BJ2298324253290283008.html
198	71	东	（29层）	2室2厅1卫	高楼层	东城-广渠门-广渠家园	6800	bj.lianjia.com/zufang/BJ2325930458304749568.html
116	73	东北	（18层）	2室1厅1卫	中楼层	朝阳-潘家园-弘善家园	6800	bj.lianjia.com/zufang/BJ2330281196095021056.html
117	75	东	（28层）	2室1厅1卫	中楼层	朝阳-潘家园-弘善家园	6800	bj.lianjia.com/zufang/BJ2317360499714424832.html
106	81	东	（28层）	2室1厅1卫	低楼层	朝阳-潘家园-弘善家园	6800	bj.lianjia.com/zufang/BJ2314975525203869696.html
18	48	南 北	（5层）	2室1厅1卫	高楼层	朝阳-CBD-光华里社区	6900	bj.lianjia.com/zufang/BJ2323121908272603136.html
48	48	南 北	（5层）	2室1厅1卫	高楼层	朝阳-CBD-光华里社区	6900	bj.lianjia.com/zufang/BJ2323121908272603136.html
111	54	南 北	（5层）	2室1厅1卫	高楼层	朝阳-潘家园-潘家园南里	6900	bj.lianjia.com/zufang/BJ2323810514632704000.html
200	51	南	（6层）	2室1厅1卫	高楼层	东城-广渠门-安化北里	7000	bj.lianjia.com/zufang/BJ2314520510119559168.html
202	52	南	（6层）	2室1厅1卫	中楼层	东城-广渠门-绿景馨园	7000	bj.lianjia.com/zufang/BJ2325378401302749184.html
191	56	南 北	（12层）	2室1厅1卫	中楼层	东城-广渠门-绿景苑	7000	bj.lianjia.com/zufang/BJ2330888020775419904.html
265	57	西南	（6层）	2室0厅1卫	低楼层	东城-崇文门-法华南里	7000	bj.lianjia.com/zufang/BJ2324538493604741120.html
192	60	北	（13层）	2室1厅1卫	高楼层	东城-广渠门-远洋德邑	7000	bj.lianjia.com/zufang/BJ2291036431424167936.html
248	60	南 北	（4层）	2室1厅1卫	低楼层	东城-东单-北湾子胡同	7000	bj.lianjia.com/zufang/BJ2299310842191020032.html
142	61	南	（12层）	2室1厅1卫	中楼层	朝阳-劲松-农光里	7000	bj.lianjia.com/zufang/BJ2334083381534932992.html
203	62	东 西	（6层）	2室1厅1卫	低楼层	东城-广渠门-南水关	7000	bj.lianjia.com/zufang/BJ2328884711998357504.html
289	63	南 北	（6层）	2室1厅1卫	中楼层	东城-崇文门-营房西街	7000	bj.lianjia.com/zufang/BJ2324403962679132160.html
201	67	南	（16层）	2室1厅1卫	低楼层	东城-广渠门-天利园	7000	bj.lianjia.com/zufang/BJ2286196747627659264.html
196	76	东南	（21层）	2室1厅1卫	高楼层	东城-广渠门-金世纪嘉园	7000	bj.lianjia.com/zufang/BJ2312804768319275008.html
113	77	东 西	（14层）	2室1厅1卫	高楼层	朝阳-潘家园-华威北里	7000	bj.lianjia.com/zufang/BJ2331609174003695616.html
115	80	西南	（18层）	2室1厅1卫	高楼层	朝阳-潘家园-嘉禾园	7000	bj.lianjia.com/zufang/BJ2304923275438342144.html
352	46	南	（6层）	2室1厅1卫	高楼层	东城-建国门内-赵堂子胡同	7200	bj.lianjia.com/zufang/BJ2319601104201465856.html
153	51	南	（7层）	2室1厅1卫	高楼层	朝阳-工体-幸福二村	7200	bj.lianjia.com/zufang/BJ2264365274058719232.html
266	52	南 北	（10层）	2室0厅1卫	高楼层	东城-崇文门-前门东大街	7200	bj.lianjia.com/zufang/BJ2328250264890376192.html
268	63	南 北	（6层）	2室1厅1卫	中楼层	东城-崇文门-营房西街	7200	bj.lianjia.com/zufang/BJ2315162898881847296.html
197	71	东	（29层）	2室2厅1卫	中楼层	东城-广渠门-广渠家园	7200	bj.lianjia.com/zufang/BJ2310737632621510656.html
109	72	西南	（28层）	2室1厅1卫	低楼层	朝阳-潘家园-弘善家园	7200	bj.lianjia.com/zufang/BJ2304796117780938752.html
104	79	西北	（28层）	2室1厅1卫	高楼层	朝阳-潘家园-弘善家园	7200	bj.lianjia.com/zufang/BJ2332550136813076480.html
2	55	南 北	（5层）	2室1厅1卫	高楼层	朝阳-建国门外-永安南里	7300	bj.lianjia.com/zufang/BJ2329019161571246080.html
32	55	南 北	（5层）	2室1厅1卫	高楼层	朝阳-建国门外-永安南里	7300	bj.lianjia.com/zufang/BJ2329019161571246080.html
376	55	南 北	（5层）	2室1厅1卫	高楼层	朝阳-建国门外-永安南里	7300	bj.lianjia.com/zufang/BJ2329019161571246080.html
149	65	南 北	（6层）	2室1厅1卫	中楼层	朝阳-劲松-劲松三区	7300	bj.lianjia.com/zufang/BJ2318707675153833984.html
108	79	南	（26层）	2室1厅1卫	高楼层	朝阳-潘家园-弘善家园	7400	bj.lianjia.com/zufang/BJ2328841041148649472.html
283	49	南 北	（10层）	2室1厅1卫	高楼层	东城-崇文门-前门东大街	7500	bj.lianjia.com/zufang/BJ2334814929112276992.html
154	51	南	（6层）	2室1厅1卫	高楼层	东城-工体-春秀路	7500	bj.lianjia.com/zufang/BJ2328922712661573632.html
269	54	南	（10层）	2室0厅1卫	高楼层	东城-崇文门-前门东大街	7500	bj.lianjia.com/zufang/BJ2315742918696247296.html
152	58	东	（12层）	2室1厅1卫	中楼层	朝阳-工体-新东路	7500	bj.lianjia.com/zufang/BJ2328177973552742400.html
256	60	东 西	（6层）	2室1厅1卫	高楼层	东城-和平里-柏林寺西	7500	bj.lianjia.com/zufang/BJ2292833926685147136.html
377	60	南 北	（5层）	2室1厅1卫	高楼层	东城-建国门外-苏州胡同	7500	bj.lianjia.com/zufang/BJ2294837716388954112.html
199	67	西	（13层）	2室1厅1卫	高楼层	东城-广渠门-远洋德邑	7500	bj.lianjia.com/zufang/BJ2328053196079243264.html
112	69	南	（18层）	2室1厅1卫	低楼层	朝阳-潘家园-华威西里	7500	bj.lianjia.com/zufang/BJ2315762925702217728.html
263	74	南 北	（6层）	2室1厅1卫	地下室	东城-崇文门-法华南里	7500	bj.lianjia.com/zufang/BJ2334453746345443328.html
21	47	南 北	（5层）	2室1厅1卫	高楼层	朝阳-朝阳门外-东大桥路	7600	bj.lianjia.com/zufang/BJ2323244772791427072.html
51	47	南 北	（5层）	2室1厅1卫	高楼层	朝阳-朝阳门外-东大桥路	7600	bj.lianjia.com/zufang/BJ2323244772791427072.html
338	47	南 北	（5层）	2室1厅1卫	高楼层	朝阳-朝阳门外-东大桥路	7600	bj.lianjia.com/zufang/BJ2323244772791427072.html
150	55	南 北	（6层）	2室1厅1卫	中楼层	朝阳-工体-幸福二村	7600	bj.lianjia.com/zufang/BJ2262766981688336384.html
3	50	东	（6层）	2室1厅1卫	高楼层	朝阳-CBD-光华东里	7700	bj.lianjia.com/zufang/BJ2320744516686462976.html
33	50	东	（6层）	2室1厅1卫	高楼层	朝阳-CBD-光华东里	7700	bj.lianjia.com/zufang/BJ2320744516686462976.html
17	52	南	（12层）	2室0厅1卫	中楼层	朝阳-CBD-光华里社区	7700	bj.lianjia.com/zufang/BJ2332350652468174848.html
47	52	南	（12层）	2室0厅1卫	中楼层	朝阳-CBD-光华里社区	7700	bj.lianjia.com/zufang/BJ2332350652468174848.html
107	82	南	（28层）	2室2厅1卫	高楼层	朝阳-潘家园-弘善家园	7700	bj.lianjia.com/zufang/BJ2330254231442817024.html
214	24	南	（1层）	2室0厅0卫	未知	东城-东四-东四十条	8000	bj.lianjia.com/zufang/BJ2214513548338397184.html
161	53	南	（5层）	2室1厅1卫	中楼层	东城-工体-十字坡东里	8000	bj.lianjia.com/zufang/BJ2321024419553607680.html
220	54	南	（5层）	2室1厅1卫	中楼层	东城-东直门-后永康胡同2号院4号院	8000	bj.lianjia.com/zufang/BJ2304230936399069184.html
208	56	东南	（2层）	2室1厅1卫	低楼层	东城-东四-沙滩后街55号院	8000	bj.lianjia.com/zufang/BJ2318660728703426560.html
210	57	南 北	（6层）	2室1厅1卫	高楼层	东城-东四-朝内大街203号院	8000	bj.lianjia.com/zufang/BJ2294975659346501632.html
359	58	南 北	（6层）	2室1厅1卫	高楼层	东城-建国门内-大羊宜宾胡同35号院	8000	bj.lianjia.com/zufang/BJ2291689609505013760.html
155	60	南 北	（9层）	2室1厅1卫	低楼层	东城-工体-春秀路	8000	bj.lianjia.com/zufang/BJ2307982011811774464.html
358	60	南 北	（6层）	2室1厅1卫	低楼层	东城-建国门内-阳照胡同	8000	bj.lianjia.com/zufang/BJ2328864402205851648.html
339	66	东南	（14层）	2室1厅1卫	高楼层	朝阳-朝阳门外-东大桥路	8000	bj.lianjia.com/zufang/BJ2311512532507951104.html
206	77	西	（23层）	2室1厅1卫	中楼层	东城-广渠门-冠城名敦道	8000	bj.lianjia.com/zufang/BJ2327309770786349056.html
118	82	东南	（18层）	2室1厅1卫	低楼层	朝阳-潘家园-嘉禾园	8000	bj.lianjia.com/zufang/BJ2328739310083784704.html
114	85	西南	（22层）	2室1厅1卫	中楼层	朝阳-潘家园-方丹苑	8000	bj.lianjia.com/zufang/BJ2327304523837874176.html
110	91	西	（22层）	2室1厅1卫	高楼层	朝阳-潘家园-方丹苑	8000	bj.lianjia.com/zufang/BJ2328008751480569856.html
158	53	南	（6层）	2室1厅1卫	中楼层	东城-工体-十字坡东里	8100	bj.lianjia.com/zufang/BJ2315866030897111040.html
211	48	南 北	（5层）	2室1厅1卫	中楼层	东城-东四-什锦花园胡同21号院	8200	bj.lianjia.com/zufang/BJ2322482102052069376.html
159	51	南	（24层）	2室1厅1卫	中楼层	朝阳-工体-工体西里	8200	bj.lianjia.com/zufang/BJ2328326264697389056.html
156	53	南	（6层）	2室1厅1卫	中楼层	东城-工体-十字坡东里	8200	bj.lianjia.com/zufang/BJ2300046569996550144.html
361	56	东 南	（6层）	2室1厅1卫	低楼层	东城-建国门内-北总布胡同	8200	bj.lianjia.com/zufang/BJ2295415186938396672.html
360	58	南 北	（6层）	2室1厅1卫	低楼层	东城-建国门内-大羊宜宾胡同31号院	8300	bj.lianjia.com/zufang/BJ2318631154901073920.html
353	62	南	（16层）	2室1厅1卫	高楼层	东城-建国门内-小羊宜宾胡同	8300	bj.lianjia.com/zufang/BJ2335442498677653504.html
213	49	南	（5层）	2室1厅1卫	高楼层	东城-东四-什锦花园胡同21号院	8500	bj.lianjia.com/zufang/BJ2320061105063329792.html
310	52	南	（6层）	2室1厅1卫	低楼层	东城-朝阳门内-南门仓胡同	8500	bj.lianjia.com/zufang/BJ2328140967711866880.html
354	57	南 北	（6层）	2室1厅1卫	中楼层	东城-建国门内-东总布胡同	8500	bj.lianjia.com/zufang/BJ2335228084993146880.html
355	58	南 北	（6层）	2室1厅1卫	高楼层	东城-建国门内-大羊宜宾胡同31号院	8500	bj.lianjia.com/zufang/BJ2332435602576261120.html
321	60	西	（16层）	2室1厅1卫	高楼层	朝阳-朝阳门外-市场街	8500	bj.lianjia.com/zufang/BJ2317446013905797120.html
275	61	南 北	（14层）	2室1厅1卫	中楼层	东城-崇文门-崇文门东大街	8500	bj.lianjia.com/zufang/BJ2318857984312352768.html
294	61	南 北	（6层）	2室1厅1卫	高楼层	东城-朝阳门内-仓南胡同12号院	8500	bj.lianjia.com/zufang/BJ2318686751608553472.html
157	62	东南	（16层）	2室1厅1卫	高楼层	东城-工体-工体北路	8500	bj.lianjia.com/zufang/BJ2310825600245571584.html
306	70	南 北	（6层）	2室1厅1卫	中楼层	东城-朝阳门内-仓南胡同14号院	8500	bj.lianjia.com/zufang/BJ2298310576494870528.html
207	77	东南	（18层）	2室1厅1卫	低楼层	东城-广渠门-东环居苑	8500	bj.lianjia.com/zufang/BJ2327580018198454272.html
221	78	南 北	（14层）	2室1厅1卫	低楼层	东城-东直门-民安小区东直门内北小街	8500	bj.lianjia.com/zufang/BJ2304076147161300992.html
204	84	东北	（16层）	2室1厅1卫	中楼层	东城-广渠门-京城仁合	8500	bj.lianjia.com/zufang/BJ2333098171997364224.html
7	53	南 北	（7层）	2室2厅1卫	高楼层	朝阳-建国门外-灵通观	8700	bj.lianjia.com/zufang/BJ2306322685766148096.html
37	53	南 北	（7层）	2室2厅1卫	高楼层	朝阳-建国门外-灵通观	8700	bj.lianjia.com/zufang/BJ2306322685766148096.html
381	53	南 北	（7层）	2室2厅1卫	高楼层	朝阳-建国门外-灵通观	8700	bj.lianjia.com/zufang/BJ2306322685766148096.html
299	68	东北	（9层）	2室1厅1卫	低楼层	东城-朝阳门内-竹杆胡同	8700	bj.lianjia.com/zufang/BJ2306569716547715072.html
209	57	南 北	（6层）	2室1厅1卫	中楼层	东城-东四-东四二条	8800	bj.lianjia.com/zufang/BJ2328313623526776832.html
304	58	南 北	（7层）	2室1厅1卫	高楼层	东城-朝阳门内-东四十条甲34号院	8800	bj.lianjia.com/zufang/BJ2320907088765140992.html
219	65	南 北	（12层）	2室1厅1卫	中楼层	东城-东直门-东直门内大街	8800	bj.lianjia.com/zufang/BJ2310769811430850560.html
309	65	西北	（15层）	2室1厅1卫	中楼层	东城-朝阳门内-朝内大街136号院	8800	bj.lianjia.com/zufang/BJ2289048585611771904.html
356	70	南 北	（6层）	2室1厅1卫	高楼层	东城-建国门内-北总布胡同	8800	bj.lianjia.com/zufang/BJ2288919788082708480.html
357	70	南 北	（6层）	2室1厅1卫	高楼层	东城-建国门内-北总布胡同	8800	bj.lianjia.com/zufang/BJ2294239690402316288.html
380	70	东南	（14层）	2室1厅1卫	中楼层	东城-建国门外-建国门南大街	8800	bj.lianjia.com/zufang/BJ2329504510181122048.html
296	75	东 西	（6层）	2室2厅1卫	中楼层	东城-朝阳门内-朝阳门内大街75号院	8800	bj.lianjia.com/zufang/BJ2334498691458531328.html
260	63	南 北	（6层）	2室1厅1卫	低楼层	海淀-五道口-成府路20号院	9000	bj.lianjia.com/zufang/BJ2298484406077095936.html
160	65	南 北	（5层）	2室1厅1卫	中楼层	东城-工体-工体西路	9000	bj.lianjia.com/zufang/BJ2299314845184696320.html
297	76	东 西	（16层）	2室1厅1卫	低楼层	东城-朝阳门内-西水井胡同	9000	bj.lianjia.com/zufang/BJ2322465907106398208.html
222	77	南 北	（18层）	2室1厅1卫	中楼层	东城-东直门-东直门南大街	9000	bj.lianjia.com/zufang/BJ2297873914367311872.html
205	85	东 西	（16层）	2室1厅1卫	低楼层	东城-广渠门-京城仁合	9000	bj.lianjia.com/zufang/BJ2309979432112635904.html
5	90	西北	（12层）	2室1厅1卫	中楼层	朝阳-建国门外-美华世纪	9000	bj.lianjia.com/zufang/BJ2320030855315062784.html
35	90	西北	（12层）	2室1厅1卫	中楼层	朝阳-建国门外-美华世纪	9000	bj.lianjia.com/zufang/BJ2320030855315062784.html
378	90	西北	（12层）	2室1厅1卫	中楼层	朝阳-建国门外-美华世纪	9000	bj.lianjia.com/zufang/BJ2320030855315062784.html
273	71	南 北	（6层）	2室1厅1卫	中楼层	东城-崇文门-新景家园西区	9100	bj.lianjia.com/zufang/BJ2314220255599403008.html
298	75	东 西	（16层）	2室1厅1卫	高楼层	东城-朝阳门内-西水井胡同	9100	bj.lianjia.com/zufang/BJ2297865700141694976.html
4	60	南	（12层）	2室1厅1卫	低楼层	朝阳-CBD-光华里社区	9200	bj.lianjia.com/zufang/BJ2289114517747007488.html
34	60	南	（12层）	2室1厅1卫	低楼层	朝阳-CBD-光华里社区	9200	bj.lianjia.com/zufang/BJ2289114517747007488.html
293	61	南 北	（6层）	2室1厅1卫	中楼层	东城-朝阳门内-仓南胡同12号院	9200	bj.lianjia.com/zufang/BJ2323277312009191424.html
305	72	南 北	（6层）	2室1厅1卫	中楼层	东城-朝阳门内-北竹杆胡同	9200	bj.lianjia.com/zufang/BJ2314950707465699328.html
274	76	南 北	（17层）	2室1厅1卫	中楼层	东城-崇文门-新景家园东区	9200	bj.lianjia.com/zufang/BJ2323951028338704384.html
88	99	东南	（28层）	2室1厅1卫	高楼层	朝阳-双井-百环家园	9200	bj.lianjia.com/zufang/BJ2335313373866237952.html
218	74	南 北	（6层）	2室1厅1卫	中楼层	东城-东直门-民安小区民安街	9300	bj.lianjia.com/zufang/BJ2304954403096109056.html
303	75	东 西	（16层）	2室1厅1卫	中楼层	东城-朝阳门内-西水井胡同	9300	bj.lianjia.com/zufang/BJ2299988394664525824.html
270	76	南 北	（13层）	2室1厅1卫	中楼层	东城-崇文门-新景家园东区	9300	bj.lianjia.com/zufang/BJ2331837034987266048.html
212	50	东	（6层）	2室1厅1卫	高楼层	东城-东四-沙滩北街2号院	9500	bj.lianjia.com/zufang/BJ2023768449213267968.html
307	66	南 北	（6层）	2室1厅1卫	高楼层	东城-朝阳门内-南竹杆胡同	9500	bj.lianjia.com/zufang/BJ2320831705486991360.html
308	68	东南	（8层）	2室1厅1卫	高楼层	东城-朝阳门内-竹杆胡同	9500	bj.lianjia.com/zufang/BJ2312878817145782272.html
301	69	南 北	（8层）	2室2厅1卫	中楼层	东城-朝阳门内-朝阳门南小街	9500	bj.lianjia.com/zufang/BJ2327487652644782080.html
276	70	东 东北	（16层）	2室1厅1卫	高楼层	东城-崇文门-国瑞城东区	9500	bj.lianjia.com/zufang/BJ2323639471847260160.html
382	70	南 北	（12层）	2室1厅1卫	低楼层	东城-建国门外-建国门内大街	9500	bj.lianjia.com/zufang/BJ2299315080476491776.html
300	76	东 西	（9层）	2室1厅1卫	低楼层	东城-朝阳门内-朝阳门南小街	9500	bj.lianjia.com/zufang/BJ2322350197784444928.html
271	78	南 北	（17层）	2室1厅1卫	高楼层	东城-崇文门-新景家园东区	9500	bj.lianjia.com/zufang/BJ2324626303807913984.html
277	78	南 北	（16层）	2室1厅1卫	中楼层	东城-崇文门-新景家园东区	9500	bj.lianjia.com/zufang/BJ2311560785198841856.html
278	81	南	（13层）	2室1厅1卫	中楼层	东城-崇文门-新景家园东区	9500	bj.lianjia.com/zufang/BJ2323784901973262336.html
272	85	东 西	（17层）	2室1厅1卫	高楼层	东城-崇文门-新景家园东区	9500	bj.lianjia.com/zufang/BJ2330233279929647104.html
6	90	南 北	（12层）	2室1厅1卫	高楼层	朝阳-建国门外-美华世纪	9500	bj.lianjia.com/zufang/BJ2328113193299484672.html
36	90	南 北	（12层）	2室1厅1卫	高楼层	朝阳-建国门外-美华世纪	9500	bj.lianjia.com/zufang/BJ2328113193299484672.html
379	90	南 北	（12层）	2室1厅1卫	高楼层	朝阳-建国门外-美华世纪	9500	bj.lianjia.com/zufang/BJ2328113193299484672.html
249	48	南 北	（1层）	2室1厅1卫	低楼层	东城-东单-普渡寺前巷	9600	bj.lianjia.com/zufang/BJ2312788299804049408.html
302	77	东 西	（16层）	2室1厅1卫	高楼层	东城-朝阳门内-西水井胡同	9600	bj.lianjia.com/zufang/BJ2328912052921843712.html
8	85	南	（9层）	2室1厅1卫	中楼层	朝阳-建国门外-灵通观	9700	bj.lianjia.com/zufang/BJ2297536121615425536.html
38	85	南	（9层）	2室1厅1卫	中楼层	朝阳-建国门外-灵通观	9700	bj.lianjia.com/zufang/BJ2297536121615425536.html
383	85	南	（9层）	2室1厅1卫	中楼层	朝阳-建国门外-灵通观	9700	bj.lianjia.com/zufang/BJ2297536121615425536.html
291	71	南	（21层）	2室1厅1卫	中楼层	东城-朝阳门内-豆瓣胡同	9800	bj.lianjia.com/zufang/BJ2333364434955157504.html
217	74	东北	（16层）	2室1厅1卫	低楼层	东城-东四-东四十条甲100号院	9800	bj.lianjia.com/zufang/BJ2334180377498746880.html
295	68	东 西	（6层）	2室1厅1卫	中楼层	东城-朝阳门内-芳嘉园胡同	10000	bj.lianjia.com/zufang/BJ2279718251196063744.html
292	70	西南	（8层）	2室2厅1卫	高楼层	东城-朝阳门内-朝阳门南小街	10000	bj.lianjia.com/zufang/BJ2333918490659913728.html
89	131	西	（22层）	2室2厅2卫	低楼层	朝阳-双井-九龙花园	10000	bj.lianjia.com/zufang/BJ2324618061765672960.html
288	82	南 北	（12层）	2室1厅1卫	中楼层	东城-崇文门-新景家园东区	10100	bj.lianjia.com/zufang/BJ2302857187846275072.html
312	70	南 北	（10层）	2室1厅1卫	高楼层	东城-朝阳门内-朝阳门南小街	10500	bj.lianjia.com/zufang/BJ2288377000601600000.html
317	75	南 北	（11层）	2室1厅1卫	高楼层	东城-朝阳门内-朝阳门南小街	10500	bj.lianjia.com/zufang/BJ2325992928159744000.html
318	80	东 西	（6层）	2室1厅1卫	低楼层	东城-朝阳门内-南门仓胡同	10500	bj.lianjia.com/zufang/BJ2328862452449542144.html
252	65	南 北	（1层）	2室1厅1卫	低楼层	东城-东单-灯笼库胡同	11000	bj.lianjia.com/zufang/BJ2329407709100638208.html
251	67	东 西	（1层）	2室1厅1卫	低楼层	东城-东单-磁器库南巷	11000	bj.lianjia.com/zufang/BJ2328709560447008768.html
250	69	东 西	（1层）	2室1厅1卫	低楼层	东城-东单-普渡寺西巷	11000	bj.lianjia.com/zufang/BJ2249943429180030976.html
227	75	东南	（23层）	2室1厅1卫	高楼层	东城-东直门-仓夹道	11000	bj.lianjia.com/zufang/BJ2318205423204966400.html
280	76	南 北	（17层）	2室1厅1卫	高楼层	东城-崇文门-新景家园东区	11000	bj.lianjia.com/zufang/BJ2217845976696365056.html
285	78	南 北	（12层）	2室1厅1卫	中楼层	东城-崇文门-国瑞城东区	11000	bj.lianjia.com/zufang/BJ2328865300474773504.html
226	82	南	（16层）	2室1厅1卫	高楼层	东城-东直门-民安小区东直门内北小街	11000	bj.lianjia.com/zufang/BJ2326674902377578496.html
314	71	南	（10层）	2室1厅1卫	低楼层	东城-朝阳门内-豆瓣胡同	11500	bj.lianjia.com/zufang/BJ2330411683660972032.html
322	86	北	（24层）	2室1厅1卫	低楼层	朝阳-朝阳门外-昆泰国际公寓	11500	bj.lianjia.com/zufang/BJ2329588066496552960.html
279	93	西	（12层）	2室1厅1卫	高楼层	东城-崇文门-新景家园西区	11500	bj.lianjia.com/zufang/BJ2335283969488330752.html
336	47	西南	（18层）	2室1厅1卫	高楼层	朝阳-朝阳门外-吉祥里	12000	bj.lianjia.com/zufang/BJ2288166402601271296.html
66	52	南	（16层）	3房间1卫	中楼层	朝阳-双井-首城国际中心	12000	bj.lianjia.com/zufang/BJ2319438750175993856.html
63	57	北	（16层）	3房间2卫	高楼层	朝阳-双井-首城国际中心	12000	bj.lianjia.com/zufang/BJ2214369151974383616.html
362	68	南 西 北	（6层）	2室1厅1卫	高楼层	东城-建国门内-大羊宜宾胡同31号院	12000	bj.lianjia.com/zufang/BJ2310074416455237632.html
319	71	南	（6层）	2室1厅1卫	高楼层	东城-朝阳门内-南门仓胡同	12000	bj.lianjia.com/zufang/BJ2297865778088910848.html
287	74	南	（7层）	2室1厅1卫	地下室	东城-崇文门-兴隆都市馨园	12000	bj.lianjia.com/zufang/BJ2325181157001396224.html
313	76	东 西	（9层）	2室1厅1卫	低楼层	东城-朝阳门内-朝阳门南小街	12000	bj.lianjia.com/zufang/BJ2332346349422919680.html
329	77	南 北	（6层）	2室2厅1卫	高楼层	朝阳-朝阳门外-日坛北路甲4甲5号院	12000	bj.lianjia.com/zufang/BJ2321000473760907264.html
229	78	北	（2层）	3房间1卫	高楼层	东城-东直门-万国城MOMA	12000	bj.lianjia.com/zufang/BJ2330275393359593472.html
320	81	西	（9层）	2室1厅1卫	低楼层	东城-朝阳门内-朝阳门南小街	12000	bj.lianjia.com/zufang/BJ2330414198406266880.html
323	81	东	（18层）	2室1厅1卫	低楼层	朝阳-朝阳门外-日坛国际公寓	12000	bj.lianjia.com/zufang/BJ2299111373860782080.html
12	83	南 北	（11层）	2室1厅1卫	中楼层	朝阳-建国门外-美华世纪	12000	bj.lianjia.com/zufang/BJ2320011071320506368.html
42	83	南 北	（11层）	2室1厅1卫	中楼层	朝阳-建国门外-美华世纪	12000	bj.lianjia.com/zufang/BJ2320011071320506368.html
387	83	南 北	（11层）	2室1厅1卫	中楼层	朝阳-建国门外-美华世纪	12000	bj.lianjia.com/zufang/BJ2320011071320506368.html
224	87	东南	（16层）	2室1厅1卫	高楼层	东城-东直门-东直门内北小街8号院	12000	bj.lianjia.com/zufang/BJ2289106267224154112.html
225	88	东	（17层）	2室1厅1卫	中楼层	东城-东直门-安定门东大街	12000	bj.lianjia.com/zufang/BJ2305083881193750528.html
316	88	东 西	（6层）	2室1厅1卫	低楼层	东城-朝阳门内-朝阳门内大街75号院	12000	bj.lianjia.com/zufang/BJ2302765646699831296.html
286	93	东 西	（14层）	2室1厅1卫	低楼层	东城-崇文门-东后河沿	12000	bj.lianjia.com/zufang/BJ2313811345310482432.html
61	63	北	（16层）	3房间2卫	低楼层	朝阳-双井-首城国际中心	12500	bj.lianjia.com/zufang/BJ2326789515022442496.html
337	78	南	（20层）	2室1厅1卫	中楼层	朝阳-朝阳门外-朝阳门南大街	12500	bj.lianjia.com/zufang/BJ2301331903669870592.html
333	48	南 北	（5层）	2室1厅1卫	中楼层	朝阳-朝阳门外-天福园	12800	bj.lianjia.com/zufang/BJ2249974238842716160.html
311	71	东 西	（21层）	2室1厅1卫	中楼层	东城-朝阳门内-豆瓣胡同	12800	bj.lianjia.com/zufang/BJ2328726174966226944.html
282	112	南 北	（15层）	2室1厅1卫	低楼层	东城-崇文门-新景家园东区	12800	bj.lianjia.com/zufang/BJ2310577503590694912.html
60	56	西	（16层）	3房间2卫	低楼层	朝阳-双井-首城国际中心	13000	bj.lianjia.com/zufang/BJ2299307324311355392.html
67	60	南	（16层）	3房间2卫	中楼层	朝阳-双井-首城国际中心	13000	bj.lianjia.com/zufang/BJ2268194523228413952.html
65	63	西	（16层）	3房间2卫	高楼层	朝阳-双井-首城国际中心	13000	bj.lianjia.com/zufang/BJ2322393567064236032.html
69	63	西	（16层）	3房间2卫	中楼层	朝阳-双井-首城国际中心	13000	bj.lianjia.com/zufang/BJ2318105471196086272.html
315	70	南 北	（6层）	2室1厅1卫	高楼层	东城-朝阳门内-南弓匠营胡同	13000	bj.lianjia.com/zufang/BJ2329575377619927040.html
332	91	南	（13层）	2室1厅1卫	中楼层	朝阳-朝阳门外-芳草苑公寓	13000	bj.lianjia.com/zufang/BJ2306558603043553280.html
68	60	南	（16层）	3房间2卫	中楼层	朝阳-双井-首城国际中心	13500	bj.lianjia.com/zufang/BJ2293418011484225536.html
395	84	东	（25层）	2室1厅1卫	低楼层	朝阳-建国门外-东方瑞景	13500	bj.lianjia.com/zufang/BJ2335267379732553728.html
228	99	南 北	（1层）	2室2厅1卫	低楼层	东城-东直门-炮局胡同	13500	bj.lianjia.com/zufang/BJ2297897998304149504.html
71	60	北	（16层）	3房间2卫	高楼层	朝阳-双井-首城国际中心	14000	bj.lianjia.com/zufang/BJ2293953755990990848.html
330	92	西	（18层）	2室1厅1卫	低楼层	朝阳-朝阳门外-日坛国际公寓	14000	bj.lianjia.com/zufang/BJ2298328182212280320.html
14	99	西	（30层）	2室1厅1卫	低楼层	朝阳-建国门外-地杰长安驿	14000	bj.lianjia.com/zufang/BJ2322458674330869760.html
44	99	西	（30层）	2室1厅1卫	低楼层	朝阳-建国门外-地杰长安驿	14000	bj.lianjia.com/zufang/BJ2322458674330869760.html
389	99	西	（30层）	2室1厅1卫	低楼层	朝阳-建国门外-地杰长安驿	14000	bj.lianjia.com/zufang/BJ2322458674330869760.html
331	115	南	（17层）	2室1厅2卫	中楼层	朝阳-朝阳门外-蓝筹名座	14000	bj.lianjia.com/zufang/BJ2323928425342959616.html
281	118	南 北	（12层）	2室2厅1卫	中楼层	东城-崇文门-新景家园西区	14000	bj.lianjia.com/zufang/BJ2131846154454048768.html
72	62	南	（16层）	3房间2卫	高楼层	朝阳-双井-首城国际中心	14500	bj.lianjia.com/zufang/BJ2315678417238376448.html
284	104	南 北	（16层）	2室1厅1卫	高楼层	东城-崇文门-新裕家园	14500	bj.lianjia.com/zufang/BJ2312780495261810688.html
168	116	南	（12层）	2室1厅1卫	中楼层	朝阳-工体-杰座大厦	14500	bj.lianjia.com/zufang/BJ2299311492476452864.html
70	72	东	（16层）	3房间2卫	中楼层	朝阳-双井-首城国际中心	14800	bj.lianjia.com/zufang/BJ2115091818038165504.html
215	40	东 南	（1层）	2室1厅1卫	低楼层	东城-东四-育芳胡同	15000	bj.lianjia.com/zufang/BJ2267839023483453440.html
62	64	南	（12层）	2室0厅1卫	中楼层	朝阳-双井-苹果社区北区	15000	bj.lianjia.com/zufang/BJ2302720804992843776.html
64	65	南	（12层）	2室1厅2卫	低楼层	朝阳-双井-苹果社区北区	15000	bj.lianjia.com/zufang/BJ2282523837675880448.html
73	65	北	（12层）	2室2厅2卫	中楼层	朝阳-双井-苹果社区北区	15000	bj.lianjia.com/zufang/BJ2322202498775400448.html
10	80	东	（13层）	2室2厅2卫	中楼层	朝阳-建国门外-丽舍公寓	15000	bj.lianjia.com/zufang/BJ2312937884102950912.html
40	80	东	（13层）	2室2厅2卫	中楼层	朝阳-建国门外-丽舍公寓	15000	bj.lianjia.com/zufang/BJ2312937884102950912.html
385	80	东	（13层）	2室2厅2卫	中楼层	朝阳-建国门外-丽舍公寓	15000	bj.lianjia.com/zufang/BJ2312937884102950912.html
326	99	西	（24层）	2室1厅1卫	高楼层	朝阳-朝阳门外-新金山酒店式公寓	15000	bj.lianjia.com/zufang/BJ2333224444681789440.html
166	103	东	（24层）	2室1厅1卫	高楼层	东城-工体-阳光都市	15000	bj.lianjia.com/zufang/BJ2322997947052605440.html
223	118	南 北	（7层）	2室2厅2卫	低楼层	东城-东直门-华冠丽景	15000	bj.lianjia.com/zufang/BJ2325410985173073920.html
325	129	南 北	（11层）	2室1厅2卫	高楼层	朝阳-朝阳门外-朝外MEN	15000	bj.lianjia.com/zufang/BJ2312036160492273664.html
15	135	南 西	（25层）	2室1厅2卫	中楼层	朝阳-建国门外-东方瑞景	15000	bj.lianjia.com/zufang/BJ2307024557476675584.html
45	135	南 西	（25层）	2室1厅2卫	中楼层	朝阳-建国门外-东方瑞景	15000	bj.lianjia.com/zufang/BJ2307024557476675584.html
390	135	南 西	（25层）	2室1厅2卫	中楼层	朝阳-建国门外-东方瑞景	15000	bj.lianjia.com/zufang/BJ2307024557476675584.html
11	136	西	（25层）	2室1厅2卫	高楼层	朝阳-建国门外-东方瑞景	15000	bj.lianjia.com/zufang/BJ2273037330732285952.html
41	136	西	（25层）	2室1厅2卫	高楼层	朝阳-建国门外-东方瑞景	15000	bj.lianjia.com/zufang/BJ2273037330732285952.html
386	136	西	（25层）	2室1厅2卫	高楼层	朝阳-建国门外-东方瑞景	15000	bj.lianjia.com/zufang/BJ2273037330732285952.html
9	153	南 北	（18层）	2室1厅2卫	高楼层	朝阳-建国门外-嘉华世纪公寓	15000	bj.lianjia.com/zufang/BJ2289887838688518144.html
39	153	南 北	（18层）	2室1厅2卫	高楼层	朝阳-建国门外-嘉华世纪公寓	15000	bj.lianjia.com/zufang/BJ2289887838688518144.html
384	153	南 北	（18层）	2室1厅2卫	高楼层	朝阳-建国门外-嘉华世纪公寓	15000	bj.lianjia.com/zufang/BJ2289887838688518144.html
394	108	东	（23层）	2室1厅2卫	中楼层	东城-建国门外-恒基中心	15500	bj.lianjia.com/zufang/BJ2334513950420369408.html
335	115	南	（17层）	2室1厅2卫	中楼层	朝阳-朝阳门外-蓝筹名座	15500	bj.lianjia.com/zufang/BJ2261603165826981888.html
19	136	西	（25层）	2室1厅2卫	高楼层	朝阳-建国门外-东方瑞景	15500	bj.lianjia.com/zufang/BJ2299310920524382208.html
49	136	西	（25层）	2室1厅2卫	高楼层	朝阳-建国门外-东方瑞景	15500	bj.lianjia.com/zufang/BJ2299310920524382208.html
392	136	西	（25层）	2室1厅2卫	高楼层	朝阳-建国门外-东方瑞景	15500	bj.lianjia.com/zufang/BJ2299310920524382208.html
16	140	南 西	（27层）	2室1厅2卫	中楼层	朝阳-建国门外-燕华苑	15500	bj.lianjia.com/zufang/BJ2301203770425745408.html
46	140	南 西	（27层）	2室1厅2卫	中楼层	朝阳-建国门外-燕华苑	15500	bj.lianjia.com/zufang/BJ2301203770425745408.html
391	140	南 西	（27层）	2室1厅2卫	中楼层	朝阳-建国门外-燕华苑	15500	bj.lianjia.com/zufang/BJ2301203770425745408.html
334	67	南 西	（14层）	2室1厅1卫	中楼层	朝阳-朝阳门外-芳草苑公寓	16000	bj.lianjia.com/zufang/BJ2277517497295454208.html
328	90	西南	（18层）	2室1厅1卫	高楼层	朝阳-朝阳门外-日坛国际公寓	16000	bj.lianjia.com/zufang/BJ2325501538610987008.html
290	101	南	（13层）	2室1厅1卫	低楼层	东城-崇文门-新怡家园	16000	bj.lianjia.com/zufang/BJ2329027722539974656.html
165	131	北	（27层）	2室1厅2卫	低楼层	朝阳-工体-首开幸福广场	16000	bj.lianjia.com/zufang/BJ2331747363401768960.html
327	134	南 北	（12层）	2室1厅2卫	低楼层	朝阳-朝阳门外-迪阳公寓	16000	bj.lianjia.com/zufang/BJ2319343536891772928.html
20	139	西	（27层）	2室1厅2卫	低楼层	朝阳-建国门外-东方瑞景	16000	bj.lianjia.com/zufang/BJ2299314132782161920.html
50	139	西	（27层）	2室1厅2卫	低楼层	朝阳-建国门外-东方瑞景	16000	bj.lianjia.com/zufang/BJ2299314132782161920.html
393	139	西	（27层）	2室1厅2卫	低楼层	朝阳-建国门外-东方瑞景	16000	bj.lianjia.com/zufang/BJ2299314132782161920.html
13	146	东南	（13层）	2室2厅2卫	低楼层	朝阳-建国门外-嘉华世纪公寓	16000	bj.lianjia.com/zufang/BJ2314434036941979648.html
43	146	东南	（13层）	2室2厅2卫	低楼层	朝阳-建国门外-嘉华世纪公寓	16000	bj.lianjia.com/zufang/BJ2314434036941979648.html
388	146	东南	（13层）	2室2厅2卫	低楼层	朝阳-建国门外-嘉华世纪公寓	16000	bj.lianjia.com/zufang/BJ2314434036941979648.html
364	101	西	（24层）	2室1厅2卫	中楼层	东城-建国门内-建国门北大街5号	16500	bj.lianjia.com/zufang/BJ2163170729661562880.html
173	121	西	（11层）	2室2厅1卫	高楼层	东城-工体-铂晶豪庭	16500	bj.lianjia.com/zufang/BJ2114194639342288896.html
230	124	东	（26层）	2室1厅2卫	高楼层	东城-东直门-万国城MOMA	16500	bj.lianjia.com/zufang/BJ2331677666660859904.html
324	129	南 北	（11层）	2室1厅2卫	中楼层	朝阳-朝阳门外-朝外MEN	16500	bj.lianjia.com/zufang/BJ2330402741790449664.html
167	57	北	（18层）	3房间2卫	低楼层	朝阳-工体-屯三里	17000	bj.lianjia.com/zufang/BJ2326700203517943808.html
162	127	西	（21层）	2室1厅2卫	中楼层	朝阳-工体-首开幸福广场	17000	bj.lianjia.com/zufang/BJ2325113232798253056.html
164	145	南 北	（6层）	2室2厅2卫	低楼层	朝阳-工体-幸福一村西里	17000	bj.lianjia.com/zufang/BJ2320919567129649152.html
372	149	西北	（19层）	2室1厅2卫	高楼层	东城-建国门内-雅安国际公寓	17000	bj.lianjia.com/zufang/BJ2246073926730399744.html
238	188	南	（27层）	2室2厅1卫	中楼层	东城-东直门-正东国际大厦	17000	bj.lianjia.com/zufang/BJ2232576204991635456.html
343	89	北	（14层）	2室1厅1卫	低楼层	东城-朝阳门外-瑞士公寓	17500	bj.lianjia.com/zufang/BJ2265795983726624768.html
163	126	西	（21层）	2室1厅2卫	中楼层	朝阳-工体-首开幸福广场	17500	bj.lianjia.com/zufang/BJ2308531398408929280.html
170	94	西	（20层）	2室1厅3卫	低楼层	东城-工体-海晟名苑南区	18000	bj.lianjia.com/zufang/BJ2326035530845782016.html
75	107	南	（21层）	2室1厅2卫	中楼层	朝阳-双井-富力城D区	18000	bj.lianjia.com/zufang/BJ2322927662790098944.html
236	116	东	（27层）	2室1厅3卫	中楼层	东城-东直门-万国城MOMA	18000	bj.lianjia.com/zufang/BJ2299312546899312640.html
26	126	北	（31层）	2室1厅1卫	中楼层	朝阳-CBD-建外SOHO	18000	bj.lianjia.com/zufang/BJ2319619150898528256.html
56	126	北	（31层）	2室1厅1卫	中楼层	朝阳-CBD-建外SOHO	18000	bj.lianjia.com/zufang/BJ2319619150898528256.html
232	127	东北	（25层）	2室1厅2卫	低楼层	东城-东直门-万国城MOMA	18000	bj.lianjia.com/zufang/BJ2299314172175335424.html
367	132	东南	（19层）	2室1厅2卫	高楼层	东城-建国门内-雅安国际公寓	18000	bj.lianjia.com/zufang/BJ2306551612530753536.html
371	134	南 西 北	（19层）	2室1厅1卫	中楼层	东城-建国门内-雅安国际公寓	18000	bj.lianjia.com/zufang/BJ2267085692964446208.html
253	141	南 北	（9层）	3室2厅2卫	低楼层	朝阳-华威桥-山水文园一期	18000	bj.lianjia.com/zufang/BJ2330161029730017280.html
86	87	东	（16层）	3房间2卫	高楼层	朝阳-双井-首城国际中心	18500	bj.lianjia.com/zufang/BJ2151883988946386944.html
169	99	西	（22层）	2室2厅2卫	高楼层	东城-工体-海晟名苑南区	18500	bj.lianjia.com/zufang/BJ2305626614618128384.html
234	118	西	（26层）	2室1厅2卫	低楼层	东城-东直门-万国城MOMA	18500	bj.lianjia.com/zufang/BJ2299316807128842240.html
345	138	南 北	（24层）	2室1厅1卫	中楼层	朝阳-朝阳门外-昆泰国际公寓	18500	bj.lianjia.com/zufang/BJ2303620656492978176.html
344	96	东南	（16层）	2室1厅1卫	中楼层	东城-朝阳门外-瑞士公寓	19000	bj.lianjia.com/zufang/BJ2292563061393072128.html
233	126	西南	（27层）	2室1厅2卫	低楼层	东城-东直门-万国城MOMA	19000	bj.lianjia.com/zufang/BJ2303598917079531520.html
341	122	北	（16层）	2室1厅2卫	中楼层	东城-朝阳门外-瑞士公寓	19500	bj.lianjia.com/zufang/BJ2322921834107895808.html
171	132	南 北	（22层）	2室2厅2卫	中楼层	东城-工体-海晟名苑南区	19800	bj.lianjia.com/zufang/BJ2263007245774635008.html
363	141	西	（24层）	2室1厅1卫	低楼层	东城-建国门内-建国门北大街5号	19800	bj.lianjia.com/zufang/BJ2235971881725329408.html
77	71	南	（12层）	2室1厅1卫	中楼层	朝阳-双井-苹果社区北区	20000	bj.lianjia.com/zufang/BJ2302840857608863744.html
81	88	北	（21层）	2室1厅2卫	高楼层	朝阳-双井-苹果社区北区	20000	bj.lianjia.com/zufang/BJ2294688974675394560.html
240	124	东	（26层）	2室1厅2卫	中楼层	东城-东直门-万国城MOMA	20000	bj.lianjia.com/zufang/BJ2164965790204297216.html
74	126	南	（18层）	2室1厅2卫	高楼层	朝阳-双井-富力城E区	20000	bj.lianjia.com/zufang/BJ2317302995035103232.html
23	134	东 北	（13层）	2室2厅2卫	高楼层	朝阳-CBD-建外SOHO	20000	bj.lianjia.com/zufang/BJ2276550910668701696.html
53	134	东 北	（13层）	2室2厅2卫	高楼层	朝阳-CBD-建外SOHO	20000	bj.lianjia.com/zufang/BJ2276550910668701696.html
24	137	西北	（31层）	2室1厅2卫	高楼层	朝阳-CBD-建外SOHO	20000	bj.lianjia.com/zufang/BJ2222312889149030400.html
29	137	东北	（31层）	2室1厅2卫	高楼层	朝阳-CBD-建外SOHO	20000	bj.lianjia.com/zufang/BJ2228737894892445696.html
54	137	西北	（31层）	2室1厅2卫	高楼层	朝阳-CBD-建外SOHO	20000	bj.lianjia.com/zufang/BJ2222312889149030400.html
59	137	东北	（31层）	2室1厅2卫	高楼层	朝阳-CBD-建外SOHO	20000	bj.lianjia.com/zufang/BJ2228737894892445696.html
368	157	东	（24层）	2室1厅2卫	低楼层	东城-建国门内-建国门北大街5号	20000	bj.lianjia.com/zufang/BJ2165028647134830592.html
254	299	东 南 北	（18层）	3室2厅2卫	高楼层	朝阳-奥林匹克公园-上林世家	20000	bj.lianjia.com/zufang/BJ2286111213286850560.html
87	87	东	（16层）	3房间2卫	高楼层	朝阳-双井-首城国际中心	21000	bj.lianjia.com/zufang/BJ2289092517934931968.html
347	96	南 北	（24层）	2室1厅1卫	低楼层	朝阳-朝阳门外-麒麟公馆	21000	bj.lianjia.com/zufang/BJ2249878716757327872.html
246	136	西北	（30层）	2室1厅1卫	中楼层	东城-东直门-东环广场	21000	bj.lianjia.com/zufang/BJ2299297761633779712.html
172	138	西	（22层）	3房间1卫	高楼层	朝阳-工体-世茂工三	21000	bj.lianjia.com/zufang/BJ2307867717698592768.html
25	139	西南	（19层）	2室1厅2卫	中楼层	朝阳-CBD-建外SOHO	21000	bj.lianjia.com/zufang/BJ2322369849600786432.html
55	139	西南	（19层）	2室1厅2卫	中楼层	朝阳-CBD-建外SOHO	21000	bj.lianjia.com/zufang/BJ2322369849600786432.html
247	149	北	（26层）	2室1厅2卫	高楼层	东城-东直门-东方银座	21000	bj.lianjia.com/zufang/BJ2277580409858695168.html
27	161	东南	（31层）	2室1厅2卫	中楼层	朝阳-CBD-建外SOHO	21000	bj.lianjia.com/zufang/BJ2284519838934106112.html
57	161	东南	（31层）	2室1厅2卫	中楼层	朝阳-CBD-建外SOHO	21000	bj.lianjia.com/zufang/BJ2284519838934106112.html
348	164	南	（15层）	2室1厅2卫	中楼层	东城-朝阳门外-美惠大厦	21000	bj.lianjia.com/zufang/BJ2265999009858453504.html
244	211	南 北	（20层）	2室2厅3卫	高楼层	东城-东直门-东直门内北小街2号院	21000	bj.lianjia.com/zufang/BJ2298378594281865216.html
340	125	西 西北 北	（16层）	2室1厅2卫	低楼层	东城-朝阳门外-瑞士公寓	22000	bj.lianjia.com/zufang/BJ2285209647441264640.html
174	150	南 北	（7层）	2室2厅2卫	中楼层	东城-工体-聚龙花园	22000	bj.lianjia.com/zufang/BJ2292584765289152512.html
28	163	西北	（29层）	2室1厅2卫	低楼层	朝阳-CBD-建外SOHO	22000	bj.lianjia.com/zufang/BJ2298632828931547136.html
58	163	西北	（29层）	2室1厅2卫	低楼层	朝阳-CBD-建外SOHO	22000	bj.lianjia.com/zufang/BJ2298632828931547136.html
175	170	南 北	（8层）	2室2厅3卫	中楼层	东城-工体-聚龙花园	22000	bj.lianjia.com/zufang/BJ2302764134468419584.html
82	97	东	（16层）	3房间2卫	高楼层	朝阳-双井-首城国际中心	22500	bj.lianjia.com/zufang/BJ2277297629312319488.html
83	97	东	（16层）	3房间2卫	低楼层	朝阳-双井-首城国际中心	23000	bj.lianjia.com/zufang/BJ2221554611314237440.html
239	164	东南	（20层）	2室2厅2卫	高楼层	东城-东直门-东直门内北小街2号院	23000	bj.lianjia.com/zufang/BJ2192768607354888192.html
76	197	南 北	（12层）	2室1厅1卫	高楼层	朝阳-双井-苹果社区北区	23200	bj.lianjia.com/zufang/BJ2312300679743676416.html
235	145	东北	（31层）	2室2厅2卫	高楼层	东城-东直门-万国城MOMA	23500	bj.lianjia.com/zufang/BJ2304366213197217792.html
346	109	南	（24层）	2室2厅2卫	中楼层	朝阳-朝阳门外-麒麟公馆	24000	bj.lianjia.com/zufang/BJ2293982883871719424.html
176	158	南	（12层）	3房间2卫	中楼层	朝阳-工体-奥加国际公寓	24500	bj.lianjia.com/zufang/BJ2321639337059958784.html
365	160	西	（18层）	2室1厅2卫	高楼层	东城-建国门内-贡院九号	25000	bj.lianjia.com/zufang/BJ2310865758122950656.html
241	173	东北	（30层）	2室1厅2卫	低楼层	东城-东直门-东环广场	25000	bj.lianjia.com/zufang/BJ2258471049694027776.html
349	175	东 北	（17层）	2室2厅2卫	低楼层	朝阳-朝阳门外-蓝筹名座	25000	bj.lianjia.com/zufang/BJ2314363339490738176.html
78	118	北	（21层）	2室2厅2卫	高楼层	朝阳-双井-苹果社区北区	25500	bj.lianjia.com/zufang/BJ2223090002051735552.html
243	138	东	（26层）	2室1厅2卫	高楼层	东城-东直门-东方银座	26000	bj.lianjia.com/zufang/BJ2296213982026924032.html
245	173	东北	（30层）	2室1厅2卫	高楼层	东城-东直门-东环广场	26000	bj.lianjia.com/zufang/BJ2288993172950622208.html
216	56	东 北	（1层）	2室1厅2卫	低楼层	东城-东四-大菊胡同	26800	bj.lianjia.com/zufang/BJ2313697714636070912.html
84	118	南	（21层）	2室2厅2卫	高楼层	朝阳-双井-苹果社区北区	27500	bj.lianjia.com/zufang/BJ2286957089111162880.html
373	144	北	（24层）	2室1厅2卫	中楼层	东城-建国门内-长安太和	28000	bj.lianjia.com/zufang/BJ2289691969112784896.html
242	173	西南	（30层）	2室1厅2卫	中楼层	东城-东直门-东环广场	28000	bj.lianjia.com/zufang/BJ2224372798976442368.html
177	196	东南	（8层）	2室1厅2卫	高楼层	东城-工体-聚龙花园	28000	bj.lianjia.com/zufang/BJ1959120055828750336.html
231	152	西南	（21层）	2室1厅2卫	低楼层	东城-东直门-当代MOMA	28500	bj.lianjia.com/zufang/BJ2299305124146978816.html
85	134	西 北	（21层）	2室2厅2卫	高楼层	朝阳-双井-苹果社区北区	29000	bj.lianjia.com/zufang/BJ2100701867653996544.html
80	97	东	（16层）	3房间1卫	高楼层	朝阳-双井-首城国际中心	30000	bj.lianjia.com/zufang/BJ2041989991101636608.html
237	143	东南	（18层）	2室1厅2卫	低楼层	东城-东直门-当代MOMA	30000	bj.lianjia.com/zufang/BJ2308422314787602432.html
79	135	北	（21层）	2室2厅2卫	高楼层	朝阳-双井-苹果社区北区	32000	bj.lianjia.com/zufang/BJ2293363844355203072.html
370	144	北	（24层）	2室1厅1卫	高楼层	东城-建国门内-长安太和	33000	bj.lianjia.com/zufang/BJ2217428595885228032.html
342	258	南 北	（12层）	2室2厅2卫	低楼层	朝阳-朝阳门外-怡景园	33000	bj.lianjia.com/zufang/BJ2156400643781165056.html
366	182	西北	（24层）	2室1厅2卫	高楼层	东城-建国门内-长安太和	38000	bj.lianjia.com/zufang/BJ2312044444712706048.html
369	173	东	（24层）	2室2厅2卫	中楼层	东城-建国门内-长安太和	40000	bj.lianjia.com/zufang/BJ2322347695915933696.html
350	163	北	（19层）	2室1厅1卫	中楼层	东城-朝阳门外-首创大厦	46000	bj.lianjia.com/zufang/BJ2268100452086185984.html
22	240	东 南	（63层）	2室1厅2卫	低楼层	朝阳-CBD-银泰中心	53000	bj.lianjia.com/zufang/BJ2262319774611030016.html
52	240	东 南	（63层）	2室1厅2卫	低楼层	朝阳-CBD-银泰中心	53000	bj.lianjia.com/zufang/BJ2262319774611030016.html
